{
  "properties": {
    "connectionReferences": {
      "shared_sharepointonline": {
        "runtimeSource": "invoker",
        "connection": {
          "connectionReferenceLogicalName": "ya_sharedsharepointonline_ad120"
        },
        "api": {
          "name": "shared_sharepointonline"
        }
      }
    },
    "definition": {
      "$schema": "https://schema.management.azure.com/providers/Microsoft.Logic/schemas/2016-06-01/workflowdefinition.json#",
      "contentVersion": "1.0.0.0",
      "parameters": {
        "$connections": {
          "defaultValue": {},
          "type": "Object"
        },
        "$authentication": {
          "defaultValue": {},
          "type": "SecureObject"
        },
        "SiteBooks (ya_SiteBooks)": {
          "defaultValue": "https://s768k.sharepoint.com/sites/Books",
          "type": "String",
          "metadata": {
            "schemaName": "ya_SiteBooks"
          }
        },
        "Settings (ya_shared_sharepointonline_282bdc042a7743b38acda66f1b84d51a)": {
          "defaultValue": "611024f9-5830-420b-ac1d-f3411773bc6c",
          "type": "String",
          "metadata": {
            "schemaName": "ya_shared_sharepointonline_282bdc042a7743b38acda66f1b84d51a"
          }
        }
      },
      "triggers": {
        "manual": {
          "metadata": {
            "operationMetadataId": "7277497a-83f2-47fa-bff8-1939727121f0"
          },
          "type": "Request",
          "kind": "Button",
          "inputs": {
            "schema": {
              "type": "object",
              "properties": {},
              "required": []
            }
          }
        }
      },
      "actions": {
        "SharePoint_に_HTTP_要求を送信します": {
          "runAfter": {},
          "metadata": {
            "operationMetadataId": "6f473e2c-c806-4e29-9f20-7ff5fff418b0"
          },
          "type": "OpenApiConnection",
          "inputs": {
            "host": {
              "connectionName": "shared_sharepointonline",
              "operationId": "HttpRequest",
              "apiId": "/providers/Microsoft.PowerApps/apis/shared_sharepointonline"
            },
            "parameters": {
              "dataset": "@parameters('SiteBooks (ya_SiteBooks)')",
              "parameters/method": "GET",
              "parameters/uri": "_api/Web/Lists/GetByTitle('Settings')?$select=ItemCount",
              "parameters/headers": {
                "Accept": "application/json"
              }
            },
            "authentication": {
              "type": "Raw",
              "value": "@json(decodeBase64(triggerOutputs().headers['X-MS-APIM-Tokens']))['$ConnectionKey']"
            }
          },
          "description": "_api/Web/Lists/GetByTitle('Settings')?$select=ItemCount"
        },
        "条件": {
          "actions": {
            "IsDebugModeの作成": {
              "runAfter": {},
              "metadata": {
                "operationMetadataId": "fd2e512b-3346-4754-90b3-db4819e6b06c"
              },
              "type": "OpenApiConnection",
              "inputs": {
                "host": {
                  "connectionName": "shared_sharepointonline",
                  "operationId": "PostItem",
                  "apiId": "/providers/Microsoft.PowerApps/apis/shared_sharepointonline"
                },
                "parameters": {
                  "dataset": "@parameters('SiteBooks (ya_SiteBooks)')",
                  "table": "@parameters('Settings (ya_shared_sharepointonline_282bdc042a7743b38acda66f1b84d51a)')",
                  "item/Title": "IsDebugMode",
                  "item/Value": "false"
                },
                "authentication": {
                  "type": "Raw",
                  "value": "@json(decodeBase64(triggerOutputs().headers['X-MS-APIM-Tokens']))['$ConnectionKey']"
                }
              }
            },
            "IsMaintenanceModeの作成": {
              "runAfter": {
                "IsDebugModeの作成": [
                  "Succeeded"
                ]
              },
              "metadata": {
                "operationMetadataId": "ac951900-5e1e-4194-912d-31889075e666"
              },
              "type": "OpenApiConnection",
              "inputs": {
                "host": {
                  "connectionName": "shared_sharepointonline",
                  "operationId": "PostItem",
                  "apiId": "/providers/Microsoft.PowerApps/apis/shared_sharepointonline"
                },
                "parameters": {
                  "dataset": "@parameters('SiteBooks (ya_SiteBooks)')",
                  "table": "@parameters('Settings (ya_shared_sharepointonline_282bdc042a7743b38acda66f1b84d51a)')",
                  "item/Title": "IsMaintenanceMode",
                  "item/Value": "false"
                },
                "authentication": {
                  "type": "Raw",
                  "value": "@json(decodeBase64(triggerOutputs().headers['X-MS-APIM-Tokens']))['$ConnectionKey']"
                }
              }
            },
            "AppVersionの作成": {
              "runAfter": {
                "IsMaintenanceModeの作成": [
                  "Succeeded"
                ]
              },
              "metadata": {
                "operationMetadataId": "9851cb5a-d707-4187-a06b-7cdb5ac12461"
              },
              "type": "OpenApiConnection",
              "inputs": {
                "host": {
                  "connectionName": "shared_sharepointonline",
                  "operationId": "PostItem",
                  "apiId": "/providers/Microsoft.PowerApps/apis/shared_sharepointonline"
                },
                "parameters": {
                  "dataset": "@parameters('SiteBooks (ya_SiteBooks)')",
                  "table": "@parameters('Settings (ya_shared_sharepointonline_282bdc042a7743b38acda66f1b84d51a)')",
                  "item/Title": "AppVersion",
                  "item/Value": "0.0"
                },
                "authentication": {
                  "type": "Raw",
                  "value": "@json(decodeBase64(triggerOutputs().headers['X-MS-APIM-Tokens']))['$ConnectionKey']"
                }
              }
            }
          },
          "runAfter": {
            "API応答の解析": [
              "Succeeded"
            ]
          },
          "expression": {
            "equals": [
              "@body('API応答の解析')?['ItemCount']",
              0
            ]
          },
          "metadata": {
            "operationMetadataId": "3dbaa91a-082e-4371-bcca-4d4dc01a888a"
          },
          "type": "If"
        },
        "API応答の解析": {
          "runAfter": {
            "SharePoint_に_HTTP_要求を送信します": [
              "Succeeded"
            ]
          },
          "metadata": {
            "operationMetadataId": "f6d66999-fcb7-48b8-bb21-fc0591477e57"
          },
          "type": "ParseJson",
          "inputs": {
            "content": "@body('SharePoint_に_HTTP_要求を送信します')",
            "schema": {
              "type": "object",
              "properties": {
                "odata.metadata": {
                  "type": "string"
                },
                "odata.type": {
                  "type": "string"
                },
                "odata.id": {
                  "type": "string"
                },
                "odata.etag": {
                  "type": "string"
                },
                "odata.editLink": {
                  "type": "string"
                },
                "ItemCount": {
                  "type": "integer"
                }
              }
            }
          }
        }
      }
    },
    "templateName": null
  },
  "schemaVersion": "1.0.0.0"
}