{"schemaVersion":"1.0","appDefinitionTemplate":{"id":"/providers/Microsoft.PowerApps/apps/","type":"Microsoft.PowerApps/apps","tags":{"primaryDeviceWidth":"640","primaryDeviceHeight":"1136","supportsPortrait":"true","supportsLandscape":"true","primaryFormFactor":"Phone","showStatusBar":"false","publisherVersion":"3.24045.24","minimumRequiredApiVersion":"2.2.0","hasComponent":"false","hasUnlockedComponent":"false","isUnifiedRootApp":"false","sienaVersion":"20240514T120206Z-3.24045.24.0"},"properties":{"appVersion":"2024-05-14T12:02:06Z","lifeCycleId":"Published","createdByClientVersion":{"major":3,"minor":24045,"build":24,"revision":0,"majorRevision":0,"minorRevision":0},"minClientVersion":{"major":3,"minor":24045,"build":24,"revision":0,"majorRevision":0,"minorRevision":0},"backgroundColor":"rgba(73, 130, 5, 1)","backgroundImageUri":"/1175715145156626932/Neadf7a76-2c8e-41cb-b820-453219074de4-logoSmallFile","displayName":"Checkout","description":"","commitMessage":"","appUris":{"documentUri":{"value":"/1175715145156626932/N7a08dd40-2a3b-406b-9752-baa3041809a4-document.msapp"},"imageUris":[],"additionalUris":[{"isSolutionAware":false,"value":"/1175715145156626932/Nbda5db86-ca29-40cc-9390-8aaa7188cfdf-identity.json"}]},"createdTime":"0001-01-01T00:00:00Z","lastModifiedTime":"0001-01-01T00:00:00Z","sharedGroupsCount":0,"sharedUsersCount":0,"connectionReferences":{"8d8c6b4c-8210-4f06-ada8-6c160c625faa":{"id":"a9d974a1-0ea3-4af7-9524-5e9496bf3906","displayName":"SharePoint","iconUri":"https://connectoricons-prod.azureedge.net/releases/v1.0.1685/1.0.1685.3700/sharepointonline/icon.png","dataSources":["Books","Histories","Settings"],"dependencies":[],"dependents":[],"parameterHints":{},"parameterHintsV2":{},"isOnPremiseConnection":false,"bypassConsent":false,"dataSets":{"https://s768k.sharepoint.com/sites/Books":{"dataSources":{"Books":{"tableName":"e0f031c1-742e-4580-94ac-94ee6ef08fa5"},"Histories":{"tableName":"4a89c7ea-b8da-4a4d-b7f8-d047fabac720"},"Settings":{"tableName":"611024f9-5830-420b-ac1d-f3411773bc6c"}}}},"apiTier":"Standard","isCustomApiConnection":false,"actions":["providers/PowerPlatform.Governance/Operations/Read","providers/PowerPlatform.Governance/Operations/Write"]}},"databaseReferences":{},"almMode":"Environment","performanceOptimizationEnabled":false,"canConsumeAppPass":false,"enableModernRuntimeMode":false,"executionRestrictions":{"isTeamsOnly":false,"dataLossPreventionEvaluationResult":{"status":"Compliant","lastEvaluationDate":"2024-05-14T07:46:10.6501991Z","violations":[],"violationsByPolicy":[],"violationErrorMessage":"このアプリでは、次のコネクタが使用されます: 。"}}},"appType":"ClassicCanvasApp","appComponents":[]}}