<ImportExportXml xmlns:xsi="http://www.w3.org/2001/XMLSchema-instance">
  <Entities></Entities>
  <Roles></Roles>
  <Workflows>
    <Workflow WorkflowId="{8ba41f9f-bf11-ef11-9f89-6045bd54297f}" Name="InitializeSettings">
      <JsonFileName>/Workflows/InitializeSettings-8BA41F9F-BF11-EF11-9F89-6045BD54297F.json</JsonFileName>
      <Type>1</Type>
      <Subprocess>0</Subprocess>
      <Category>5</Category>
      <Mode>0</Mode>
      <Scope>4</Scope>
      <OnDemand>0</OnDemand>
      <TriggerOnCreate>0</TriggerOnCreate>
      <TriggerOnDelete>0</TriggerOnDelete>
      <AsyncAutodelete>0</AsyncAutodelete>
      <SyncWorkflowLogOnFailure>0</SyncWorkflowLogOnFailure>
      <StateCode>1</StateCode>
      <StatusCode>2</StatusCode>
      <RunAs>1</RunAs>
      <IsTransacted>1</IsTransacted>
      <IntroducedVersion>1.0.0.0</IntroducedVersion>
      <IsCustomizable>1</IsCustomizable>
      <BusinessProcessType>0</BusinessProcessType>
      <IsCustomProcessingStepAllowedForOtherPublishers>1</IsCustomProcessingStepAllowedForOtherPublishers>
      <PrimaryEntity>none</PrimaryEntity>
      <LocalizedNames>
        <LocalizedName languagecode="1041" description="InitializeSettings" />
      </LocalizedNames>
    </Workflow>
  </Workflows>
  <FieldSecurityProfiles></FieldSecurityProfiles>
  <Templates />
  <EntityMaps />
  <EntityRelationships />
  <OrganizationSettings />
  <optionsets />
  <CustomControls />
  <EntityDataProviders />
  <CanvasApps>
    <CanvasApp>
      <Name>ya_admin_d2bff</Name>
      <AppVersion>2024-05-14T10:36:08Z</AppVersion>
      <Status>Ready</Status>
      <CreatedByClientVersion>3.24045.24.0</CreatedByClientVersion>
      <MinClientVersion>3.24045.24.0</MinClientVersion>
      <Tags>{"primaryDeviceWidth":"1366","primaryDeviceHeight":"768","supportsPortrait":"true","supportsLandscape":"true","primaryFormFactor":"Tablet","showStatusBar":"false","publisherVersion":"3.24045.24","minimumRequiredApiVersion":"2.2.0","hasComponent":"false","hasUnlockedComponent":"false","isUnifiedRootApp":"false","sienaVersion":"20240514T073917Z-3.24045.24.0"}</Tags>
      <IsCdsUpgraded>0</IsCdsUpgraded>
      <GalleryItemId xsi:nil="true"></GalleryItemId>
      <BackgroundColor>rgba(141, 198, 63, 1)</BackgroundColor>
      <DisplayName>Admin</DisplayName>
      <Description xsi:nil="true"></Description>
      <CommitMessage xsi:nil="true"></CommitMessage>
      <Publisher xsi:nil="true"></Publisher>
      <AuthorizationReferences>[]</AuthorizationReferences>
      <ConnectionReferences>{"802c319e-3e71-4f89-8da2-5b3651f7bdb9":{"id":"/providers/microsoft.powerapps/apis/shared_sharepointonline","displayName":"SharePoint","iconUri":"https://connectoricons-prod.azureedge.net/releases/v1.0.1685/1.0.1685.3700/sharepointonline/icon.png","dataSources":["Books","Histories","Settings"],"dependencies":[],"dependents":[],"parameterHints":{},"parameterHintsV2":{},"isOnPremiseConnection":false,"bypassConsent":false,"dataSets":{"https://s768k.sharepoint.com/sites/Books_ya_SiteBooks":{"datasetOverride":{"name":"https://s768k.sharepoint.com/sites/Books","environmentVariableName":"ya_SiteBooks"},"dataSources":{"Books":{"tableName":"e0f031c1-742e-4580-94ac-94ee6ef08fa5","tableNameOverride":{"name":"e0f031c1-742e-4580-94ac-94ee6ef08fa5","environmentVariableName":"ya_shared_sharepointonline_f8b8227db3e142bb8e81d92a6e88e4e4"}},"Histories":{"tableName":"4a89c7ea-b8da-4a4d-b7f8-d047fabac720","tableNameOverride":{"name":"4a89c7ea-b8da-4a4d-b7f8-d047fabac720","environmentVariableName":"ya_shared_sharepointonline_303d348fd1294c0faa81cd2467edd097"}},"Settings":{"tableName":"611024f9-5830-420b-ac1d-f3411773bc6c","tableNameOverride":{"name":"611024f9-5830-420b-ac1d-f3411773bc6c","environmentVariableName":"ya_shared_sharepointonline_282bdc042a7743b38acda66f1b84d51a"}}}}},"apiTier":"Standard","actions":["providers/PowerPlatform.Governance/Operations/Read","providers/PowerPlatform.Governance/Operations/Write"],"isCustomApiSolutionAware":false},"97ba8098-bf35-4fc6-b6c0-90c2f503cfec":{"id":"/providers/microsoft.powerapps/apis/shared_ya-5fopenbd-5fac4d1f576fb1efd5","displayName":"openBD","iconUri":"https://az787822.vo.msecnd.net/defaulticons/api-dedicated.png","dataSources":["openBD"],"dependencies":[],"dependents":[],"parameterHints":{},"parameterHintsV2":{},"isOnPremiseConnection":false,"bypassConsent":false,"dataSets":{},"apiTier":"Standard","actions":["Get"],"customApiLogicalName":"ya_5Fopenbd","isCustomApiSolutionAware":true}}</ConnectionReferences>
      <DatabaseReferences>{}</DatabaseReferences>
      <AppComponents>[]</AppComponents>
      <AppComponentDependencies>[]</AppComponentDependencies>
      <CanConsumeAppPass>1</CanConsumeAppPass>
      <CanvasAppType>0</CanvasAppType>
      <BypassConsent>0</BypassConsent>
      <AdminControlBypassConsent>0</AdminControlBypassConsent>
      <EmbeddedApp xsi:nil="true"></EmbeddedApp>
      <IntroducedVersion>1.0</IntroducedVersion>
      <CdsDependencies>{"cdsdependencies":[{"logicalname":"ya_5Fopenbd","componenttype":372,"componenttypeplatformname":"connector"},{"logicalname":"ya_SiteBooks","componenttype":380,"componenttypeplatformname":"EnvironmentVariableDefinition"},{"logicalname":"ya_shared_sharepointonline_f8b8227db3e142bb8e81d92a6e88e4e4","componenttype":380,"componenttypeplatformname":"EnvironmentVariableDefinition"},{"logicalname":"ya_shared_sharepointonline_303d348fd1294c0faa81cd2467edd097","componenttype":380,"componenttypeplatformname":"EnvironmentVariableDefinition"},{"logicalname":"ya_shared_sharepointonline_282bdc042a7743b38acda66f1b84d51a","componenttype":380,"componenttypeplatformname":"EnvironmentVariableDefinition"}]}</CdsDependencies>
      <IsCustomizable>1</IsCustomizable>
      <BackgroundImageUri>/CanvasApps/ya_admin_d2bff_BackgroundImageUri</BackgroundImageUri>
      <DocumentUri>/CanvasApps/ya_admin_d2bff_DocumentUri.msapp</DocumentUri>
      <AdditionalUris>
        <AdditionalUri>/CanvasApps/ya_admin_d2bff_AdditionalUris0_identity.json</AdditionalUri>
      </AdditionalUris>
    </CanvasApp>
  </CanvasApps>
  <Connectors>
    <Connector>
      <connectorid>ac6819bf-64bd-463e-b845-d60a7ff7b570</connectorid>
      <description>ISBNコードを指定して、openBDから書誌・書影情報を取得するカスタムコネクタ</description>
      <displayname>openBD</displayname>
      <iconbrandcolor>#615195</iconbrandcolor>
      <name>ya_5Fopenbd</name>
      <connectortype>1</connectortype>
      <openapidefinition>/Connector/ya_5Fopenbd_openapidefinition.json</openapidefinition>
      <connectionparameters>/Connector/ya_5Fopenbd_connectionparameters.json</connectionparameters>
      <policytemplateinstances>/Connector/ya_5Fopenbd_policytemplateinstances.json</policytemplateinstances>
      <iconblob>/Connector/ya_5Fopenbd_iconblob.Png</iconblob>
    </Connector>
  </Connectors>
  <connectionreferences>
    <connectionreference connectionreferencelogicalname="ya_sharedcommondataserviceforapps_fd819">
      <connectionreferencedisplayname>Microsoft Dataverse Books-fd819</connectionreferencedisplayname>
      <connectorid>/providers/Microsoft.PowerApps/apis/shared_commondataserviceforapps</connectorid>
      <iscustomizable>1</iscustomizable>
      <promptingbehavior>0</promptingbehavior>
      <statecode>0</statecode>
      <statuscode>1</statuscode>
    </connectionreference>
    <connectionreference connectionreferencelogicalname="ya_sharedsharepointonline_ad120">
      <connectionreferencedisplayname>SharePoint Books-ad120</connectionreferencedisplayname>
      <connectorid>/providers/Microsoft.PowerApps/apis/shared_sharepointonline</connectorid>
      <iscustomizable>1</iscustomizable>
      <promptingbehavior>0</promptingbehavior>
      <statecode>0</statecode>
      <statuscode>1</statuscode>
    </connectionreference>
  </connectionreferences>
  <Languages>
    <Language>1041</Language>
  </Languages>
</ImportExportXml>